<?xml version="1.0" encoding="UTF-8"?><ValueSet xmlns="http://hl7.org/fhir"><id value="anc-end-19"/><meta><profile value="http://hl7.org/fhir/uv/cpg/StructureDefinition/cpg-executablevalueset"/></meta><text><status value="generated"/><div xmlns="http://www.w3.org/1999/xhtml"><p class="res-header-id"><b>Generated Narrative: ValueSet anc-end-19</b></p><a name="anc-end-19"> </a><a name="hcanc-end-19"> </a><div style="display: inline-block; background-color: #d9e0e7; padding: 6px; margin: 4px; border: 1px solid #8da1b4; border-radius: 5px; line-height: 60%"><p style="margin-bottom: 0px"/><p style="margin-bottom: 0px">Profile: <a href="http://hl7.org/fhir/uv/cpg/STU1/StructureDefinition-cpg-executablevalueset.html">CPGExecutableValueSet</a></p></div><p>This value set expansion contains 4 concepts.</p><table class="codes"><tr><td style="white-space:nowrap"><b>Code</b></td><td><b>System</b></td><td><b>Display</b></td><td><b>Definition</b></td></tr><tr><td style="white-space:nowrap"><a name="anc-end-19-http://smart.who.int/anc/CodeSystem/anc-custom-codes-ANC.End.19"> </a>  <a href="CodeSystem-anc-custom-codes.html#anc-custom-codes-ANC.46End.4619">ANC.End.19</a></td><td>http://smart.who.int/anc/CodeSystem/anc-custom-codes</td><td>Normal</td><td>Delivery mode - Normal</td></tr><tr><td style="white-space:nowrap"><a name="anc-end-19-http://smart.who.int/anc/CodeSystem/anc-custom-codes-ANC.End.20"> </a>  <a href="CodeSystem-anc-custom-codes.html#anc-custom-codes-ANC.46End.4620">ANC.End.20</a></td><td>http://smart.who.int/anc/CodeSystem/anc-custom-codes</td><td>Forceps</td><td>Delivery mode - Forceps</td></tr><tr><td style="white-space:nowrap"><a name="anc-end-19-http://smart.who.int/anc/CodeSystem/anc-custom-codes-ANC.End.21"> </a>  <a href="CodeSystem-anc-custom-codes.html#anc-custom-codes-ANC.46End.4621">ANC.End.21</a></td><td>http://smart.who.int/anc/CodeSystem/anc-custom-codes</td><td>Vacuum</td><td>Delivery mode - Vacuum</td></tr><tr><td style="white-space:nowrap"><a name="anc-end-19-http://smart.who.int/anc/CodeSystem/anc-custom-codes-ANC.End.22"> </a>  <a href="CodeSystem-anc-custom-codes.html#anc-custom-codes-ANC.46End.4622">ANC.End.22</a></td><td>http://smart.who.int/anc/CodeSystem/anc-custom-codes</td><td>C-section</td><td>Delivery mode - C-section</td></tr></table></div></text><extension url="http://hl7.org/fhir/uv/cpg/StructureDefinition/cpg-knowledgeCapability"><valueString value="executable"/></extension><extension url="http://hl7.org/fhir/uv/cpg/StructureDefinition/cpg-knowledgeRepresentationLevel"><valueString value="executable"/></extension><url value="http://smart.who.int/anc/ValueSet/anc-end-19"/><version value="0.3.0"/><name value="DeliverymodeChoices"/><title value="Delivery mode Choices"/><status value="draft"/><experimental value="false"/><date value="2025-07-09T22:14:31+02:00"/><publisher value="World Health Organization (WHO)"/><contact><telecom><system value="url"/><value value="https://www.who.int"/></telecom></contact><description value="Codes representing possible values for the Delivery mode Choices element"/><jurisdiction><coding><system value="http://unstats.un.org/unsd/methods/m49/m49.htm"/><code value="001"/></coding></jurisdiction><immutable value="true"/><compose><include><system value="http://smart.who.int/anc/CodeSystem/anc-custom-codes"/><concept><code value="ANC.End.19"/><display value="Normal"/></concept><concept><code value="ANC.End.20"/><display value="Forceps"/></concept><concept><code value="ANC.End.21"/><display value="Vacuum"/></concept><concept><code value="ANC.End.22"/><display value="C-section"/></concept></include></compose><expansion><timestamp value="2021-11-30T07:11:23-07:00"/><contains><system value="http://smart.who.int/anc/CodeSystem/anc-custom-codes"/><code value="ANC.End.19"/><display value="Normal"/></contains><contains><system value="http://smart.who.int/anc/CodeSystem/anc-custom-codes"/><code value="ANC.End.20"/><display value="Forceps"/></contains><contains><system value="http://smart.who.int/anc/CodeSystem/anc-custom-codes"/><code value="ANC.End.21"/><display value="Vacuum"/></contains><contains><system value="http://smart.who.int/anc/CodeSystem/anc-custom-codes"/><code value="ANC.End.22"/><display value="C-section"/></contains></expansion></ValueSet>