<?xml version="1.0" encoding="UTF-8"?><ValueSet xmlns="http://hl7.org/fhir"><id value="anc-b9-de103"/><meta><profile value="http://hl7.org/fhir/uv/cpg/StructureDefinition/cpg-executablevalueset"/></meta><text><status value="generated"/><div xmlns="http://www.w3.org/1999/xhtml"><p class="res-header-id"><b>Generated Narrative: ValueSet anc-b9-de103</b></p><a name="anc-b9-de103"> </a><a name="hcanc-b9-de103"> </a><div style="display: inline-block; background-color: #d9e0e7; padding: 6px; margin: 4px; border: 1px solid #8da1b4; border-radius: 5px; line-height: 60%"><p style="margin-bottom: 0px"/><p style="margin-bottom: 0px">Profile: <a href="http://hl7.org/fhir/uv/cpg/STU1/StructureDefinition-cpg-executablevalueset.html">CPGExecutableValueSet</a></p></div><p>This value set expansion contains 3 concepts.</p><table class="codes"><tr><td style="white-space:nowrap"><b>Code</b></td><td><b>System</b></td><td><b>Display</b></td><td><b>Definition</b></td></tr><tr><td style="white-space:nowrap"><a name="anc-b9-de103-http://smart.who.int/anc/CodeSystem/anc-custom-codes-ANC.B9.DE103"> </a>  <a href="CodeSystem-anc-custom-codes.html#anc-custom-codes-ANC.46B9.46DE103">ANC.B9.DE103</a></td><td>http://smart.who.int/anc/CodeSystem/anc-custom-codes</td><td>Test stock-out</td><td>Reason syphilis test not done - Test stock-out</td></tr><tr><td style="white-space:nowrap"><a name="anc-b9-de103-http://smart.who.int/anc/CodeSystem/anc-custom-codes-ANC.B9.DE104"> </a>  <a href="CodeSystem-anc-custom-codes.html#anc-custom-codes-ANC.46B9.46DE104">ANC.B9.DE104</a></td><td>http://smart.who.int/anc/CodeSystem/anc-custom-codes</td><td>Expired tests</td><td>Reason syphilis test not done - Expired tests</td></tr><tr><td style="white-space:nowrap"><a name="anc-b9-de103-http://smart.who.int/anc/CodeSystem/anc-custom-codes-ANC.B9.DE105"> </a>  <a href="CodeSystem-anc-custom-codes.html#anc-custom-codes-ANC.46B9.46DE105">ANC.B9.DE105</a></td><td>http://smart.who.int/anc/CodeSystem/anc-custom-codes</td><td>Other reason test not conducted (specify)</td><td>Reason syphilis test not done - Other reason test not conducted (specify)</td></tr></table></div></text><extension url="http://hl7.org/fhir/uv/cpg/StructureDefinition/cpg-knowledgeCapability"><valueString value="executable"/></extension><extension url="http://hl7.org/fhir/uv/cpg/StructureDefinition/cpg-knowledgeRepresentationLevel"><valueString value="executable"/></extension><url value="http://smart.who.int/anc/ValueSet/anc-b9-de103"/><version value="0.3.0"/><name value="ReasonsyphilistestnotdoneChoices"/><title value="Reason syphilis test not done Choices"/><status value="draft"/><experimental value="false"/><date value="2025-07-09T22:14:31+02:00"/><publisher value="World Health Organization (WHO)"/><contact><telecom><system value="url"/><value value="https://www.who.int"/></telecom></contact><description value="Codes representing possible values for the Reason syphilis test not done Choices element"/><jurisdiction><coding><system value="http://unstats.un.org/unsd/methods/m49/m49.htm"/><code value="001"/></coding></jurisdiction><immutable value="true"/><compose><include><system value="http://smart.who.int/anc/CodeSystem/anc-custom-codes"/><concept><code value="ANC.B9.DE103"/><display value="Test stock-out"/></concept><concept><code value="ANC.B9.DE104"/><display value="Expired tests"/></concept><concept><code value="ANC.B9.DE105"/><display value="Other reason test not conducted (specify)"/></concept></include></compose><expansion><timestamp value="2021-11-30T07:11:23-07:00"/><contains><system value="http://smart.who.int/anc/CodeSystem/anc-custom-codes"/><code value="ANC.B9.DE103"/><display value="Test stock-out"/></contains><contains><system value="http://smart.who.int/anc/CodeSystem/anc-custom-codes"/><code value="ANC.B9.DE104"/><display value="Expired tests"/></contains><contains><system value="http://smart.who.int/anc/CodeSystem/anc-custom-codes"/><code value="ANC.B9.DE105"/><display value="Other reason test not conducted (specify)"/></contains></expansion></ValueSet>