{
  "resourceType" : "Organization",
  "id" : "GDHCNParticipant-BRA",
  "meta" : {
    "profile" : ["https://profiles.ihe.net/ITI/mCSD/StructureDefinition/IHE.mCSD.Organization"]
  },
  "text" : {
    "status" : "generated",
    "div" : "<div xmlns=\"http://www.w3.org/1999/xhtml\"><p class=\"res-header-id\"><b>Generated Narrative: Organization GDHCNParticipant-BRA</b></p><a name=\"GDHCNParticipant-BRA\"> </a><a name=\"hcGDHCNParticipant-BRA\"> </a><div style=\"display: inline-block; background-color: #d9e0e7; padding: 6px; margin: 4px; border: 1px solid #8da1b4; border-radius: 5px; line-height: 60%\"><p style=\"margin-bottom: 0px\"/><p style=\"margin-bottom: 0px\">Profile: <a href=\"https://profiles.ihe.net/ITI/mCSD/4.0.0/StructureDefinition-IHE.mCSD.Organization.html\">mCSD Organization</a></p></div><p><b>type</b>: <span title=\"Codes:{http://terminology.hl7.org/CodeSystem/organization-type govt}\">Government</span></p><p><b>name</b>: Brazil</p><p><b>endpoint</b>: </p><ul><li><a href=\"Endpoint-GDHCNParticipantDID-BRA-All.html\">Endpoint Brazil Trustlist (DID v2) - All keys\ndid:web:tng-cdn.who.int:v2:trustlist:-:BRA\nresolvable at https://tng-cdn.who.int/v2/trustlist/-/BRA/did.json</a></li><li><a href=\"Endpoint-GDHCNParticipantDID-BRA-DSC.html\">Endpoint Brazil Trustlist (DID v2) - Document Signing Certificates\ndid:web:tng-cdn.who.int:v2:trustlist:-:BRA:DSC\nresolvable at https://tng-cdn.who.int/v2/trustlist/-/BRA/DSC/did.json</a></li><li><a href=\"Endpoint-GDHCNParticipantDID-BRA-SCA.html\">Endpoint Brazil Trustlist (DID v2) - Certificate Signing Authority\ndid:web:tng-cdn.who.int:v2:trustlist:-:BRA:SCA\nresolvable at https://tng-cdn.who.int/v2/trustlist/-/BRA/SCA/did.json</a></li></ul></div>"
  },
  "type" : [{
    "coding" : [{
      "system" : "http://terminology.hl7.org/CodeSystem/organization-type",
      "code" : "govt"
    }]
  }],
  "name" : "Brazil",
  "endpoint" : [{
    "reference" : "Endpoint/GDHCNParticipantDID-BRA-All"
  },
  {
    "reference" : "Endpoint/GDHCNParticipantDID-BRA-DSC"
  },
  {
    "reference" : "Endpoint/GDHCNParticipantDID-BRA-SCA"
  }]
}